Workbook
Name ACTION: #REF!
Name ACTION: #REF!

Sheet Cover
B2: SYSTEM TEST REPORT DOCUMENT
A4: Project Name | B4: <Project Name> | E4: Creator
A5: Project Code | B5: <Project Code> | E5: Issue Date | F5: <Date when this test report is created>
A6: Document Code | B6: =B5&"_"&"XXX"&"_"&"vx.x" -> <Project Code>_XXX_vx.x | E6: Version
A9: Record of change
A10: Effective Date | B10: Version | C10: Change Item | D10: *A,D,M | E10: Change description | F10: Reference
A11: <Date when these changes are effective> | F11: <List of documents which are refered in this version.>

Sheet Test Cases
D1: TEST CASE LIST
B3: Project Name | D3: =#REF! -> #REF!
B4: Project Code | D4: =#REF! -> #REF!
B5: Test Environment Setup Description | D5: <List enviroment requires in this system 1. Server 2. Database 3. Web Browser ... >
B8: No | C8: Function Name | D8: Sheet Name | E8: Description | F8: Pre-Condition
B9: 1 | C9: Function A | D9: Workflow Name1
B10: 2 | C10: Function B | D10: Workflow Name1
B11: 3 | C11: Function C | D11: Workflow Name1
B12: 4 | C12: Function D | D12: Workflow Name2
B13: 5 | C13: Function E | D13: Workflow Name2

Sheet Test Statistics
B1: TEST STATISTICS
B3: Project Name | C3: <Project Name> | E3: Creator
B4: Project Code | C4: <Project Code> | E4: Reviewer/Approver
B5: Document Code | C5: =C4&"_"&"Test Report"&"_"&"vx.x" -> <Project Code>_Test Report_vx.x | E5: Issue Date | H5: <Date when this test report is created>
B6: Notes | C6: <List modules included in this release> ex: Release 1 includes 2 modules: Module1 and Module2
B10: No | C10: Module code | D10: Passed | E10: Failed | F10: Pending | G10: N/A | H10: Number of test cases
B11: 1 | C11: ='Workflow Authentication '!B2 -> < Workflow Authentication > | D11: ='Workflow Authentication '!B6 -> 7 | E11: ='Workflow Authentication '!C6 -> 0 | F11: ='Workflow Authentication '!D6 -> 0 | G11: ='Workflow Authentication '!E6 -> 0 | H11: ='Workflow Authentication '!B4 -> 10
B12: 2 | C12: ='Workflow Dashboard'!B2 -> <Workflow Dashboard> | D12: ='Workflow Dashboard'!B6 -> 2 | E12: ='Workflow Dashboard'!C6 -> 0 | F12: ='Workflow Dashboard'!D6 -> 0 | G12: ='Workflow Request'!E6 -> 0 | H12: ='Workflow Request'!B4 -> 6
C14: Sub total | D14: =SUM(D9:D13) -> 9 | E14: =SUM(E9:E13) -> 0 | F14: =SUM(F9:F13) -> 0 | G14: =SUM(G9:G13) -> 0 | H14: =SUM(H9:H13) -> 16
C16: Test coverage | E16: =(D14+E14)*100/(H14-G14) -> 56.25 | F16: %
C17: Test successful coverage | E17: =D14*100/(H14-G14) -> 56.25 | F17: %

Sheet Workflow Authentication 
A2: Workflow | B2: < Workflow Authentication > | R2: Passed
A3: Test requirement | B3: Đăng nhập tài khoản, tạo tài khoản và reset mật khẩu | R3: Failed
A4: Number of TCs | B4: =COUNTA(A12:A999) -> 10 | R4: Pending
A5: Testing Round | B5: Passed | C5: Failed | D5: Pending | E5: N/A | R5: N/A
A6: Round 1 | B6: =COUNTIF($F10:$F997,B5) -> 7 | C6: =COUNTIF($F10:$F997,C5) -> 0 | D6: =COUNTIF($F10:$F997,D5) -> 0 | E6: =COUNTIF($F10:$F997,E5) -> 0
A7: Round 2 | B7: =COUNTIF($F10:$F997,B5) -> 7 | C7: =COUNTIF($F10:$F997,C5) -> 0 | D7: =COUNTIF($F10:$F997,D5) -> 0 | E7: =COUNTIF($F10:$F997,E5) -> 0
A8: Round 3 | B8: =COUNTIF($F10:$F997,B5) -> 7 | C8: =COUNTIF($F10:$F997,C5) -> 0 | D8: =COUNTIF($F10:$F997,D5) -> 0 | E8: =COUNTIF($F10:$F997,E5) -> 0
A10: Test Case ID | B10: Test Case Description | C10: Test Case Procedure | D10: Expected Results | E10: Pre-conditions | F10: Round 1 | G10: Test date | H10: Tester | I10: Round 2 | J10: Test date | K10: Tester | L10: Round 3 | M10: Test date | N10: Tester | O10: Note
A11: Scenario A
A12: <ID1> | B12: Login with valid Staff credentials | C12: Login the system with Manager role. | D12: Đăng nhập thành công | E12: Tài khoản Staff, Manager, Staff | F12: Passed | G12: 23/3 | H12: Hieu | I12: Passed | J12: 23/3 | K12: Hieu | L12: Passed | M12: 24/3 | N12: Hieu
A13: <ID2> | B13: Login with valid Staff credentials | C13: Login the system with Resident role. | D13: Đăng nhập thành công | E13: Tài khoản Resident | F13: Passed | G13: 23/3 | H13: Hieu | I13: Passed | J13: 23/3 | K13: Hieu | L13: Passed | M13: 24/3 | N13: Hieu
A14: Scenario B
A15: <ID3> | B15: Login with wrong password | C15: Login the system with wrong password | D15: Đăng nhập thất bại | E15: Tài khoản Staff, Manager, Staff, Resident | F15: Passed | G15: 23/3 | H15: Hieu | I15: Passed | J15: 23/3 | K15: Hieu | L15: Passed | M15: 24/3 | N15: Hieu
A16: <ID4> | B16: Login with non-existent username | C16: Login the system with non-existent username | D16: Đăng nhập thất bại | E16: Tài khoản Staff, Manager, Staff, Resident | F16: Passed | G16: 23/3 | H16: Hieu | I16: Passed | J16: 23/3 | K16: Hieu | L16: Passed | M16: 24/3 | N16: Hieu
A17: Scenario C
A18: <ID5> | B18: Register new resident account | C18: Register new resident account in to the system | D18: Tạo tài khoản thành công | E18: Điền đầy đủ thông tin như username, tên, email, sđt, password | F18: Passed | G18: 23/3 | H18: Hieu | I18: Passed | J18: 23/3 | K18: Hieu | L18: Passed | M18: 24/3 | N18: Hieu
A19: <ID6> | B19: Register with duplicate | C19: Đăng ký tài khoản vào hệ thống nhưng không thành công vì bị lặp | D19: Tạo tài khoản thất bại | E19: Bị lặp với username, email, sđt | F19: Passed | G19: 23/3 | H19: Hieu | I19: Passed | J19: 23/3 | K19: Hieu | L19: Passed | M19: 24/3 | N19: Hieu
A20: Scenario D
A21: <ID7> | B21: Forgot password flow | C21: Quên tài khoản, reset password thông qua email | D21: Reset thành công password | E21: Gửi đường dẫn reset password về gmail người dùng, reset trong 30 phút | F21: Passed | G21: 23/3 | H21: Hieu | I21: Passed | J21: 23/3 | K21: Hieu | L21: Passed | M21: 24/3 | N21: Hieu

Sheet Workflow Dashboard
A2: Workflow | B2: <Workflow Dashboard> | R2: Passed
A3: Test requirement | B3: Thấy được dashboard tổng ở cả staff và resident | R3: Failed
A4: Number of TCs | B4: =COUNTA(A12:A994) -> 2 | R4: Pending
A5: Testing Round | B5: Passed | C5: Failed | D5: Pending | E5: N/A | R5: N/A
A6: Round 1 | B6: =COUNTIF($F10:$F992,B5) -> 2 | C6: =COUNTIF($F10:$F992,C5) -> 0 | D6: =COUNTIF($F10:$F992,D5) -> 0 | E6: =COUNTIF($F10:$F992,E5) -> 0
A7: Round 2 | B7: =COUNTIF($F10:$F992,B5) -> 2 | C7: =COUNTIF($F10:$F992,C5) -> 0 | D7: =COUNTIF($F10:$F992,D5) -> 0 | E7: =COUNTIF($F10:$F992,E5) -> 0
A8: Round 3 | B8: =COUNTIF($F10:$F992,B5) -> 2 | C8: =COUNTIF($F10:$F992,C5) -> 0 | D8: =COUNTIF($F10:$F992,D5) -> 0 | E8: =COUNTIF($F10:$F992,E5) -> 0
A10: Test Case ID | B10: Test Case Description | C10: Test Case Procedure | D10: Expected Results | E10: Pre-conditions | F10: Round 1 | G10: Test date | H10: Tester | I10: Round 2 | J10: Test date | K10: Tester | L10: Round 3 | M10: Test date | N10: Tester | O10: Note
A11: Scenario D
A12: <ID1> | B12: Load dashboard page staff | C12: 1. Login the system with Manager role. 2. Vào được màn hình chính Dashboard | E12: Thấy được giao diện trang dashboard Thực hiện được được các thao tác di chuyển đến các tab khác | F12: Passed | G12: 23/3 | H12: Hieu | I12: Passed | J12: 23/3 | K12: Hieu | L12: Passed | M12: 24/3 | N12: Hieu
A13: <ID2> | B13: Load dashboard page staff | C13: 1. Login the system with Resident role. 2. Vào được màn hình chính Dashboard | E13: Thấy được giao diên trang dashboard Thực hiện được được các thao tác di chuyển đến các tab khác | F13: Passed | G13: 23/3 | H13: Hieu | I13: Passed | J13: 23/3 | K13: Hieu | L13: Passed | M13: 24/3 | N13: Hieu

Sheet Workflow Management
A2: Workflow | B2: <Workflow Name2> | R2: Passed
A3: Test requirement | B3: <Brief description about requirements which are tested in this sheet> | R3: Failed
A4: Number of TCs | B4: =COUNTA(A12:A998) -> 6 | R4: Pending
A5: Testing Round | B5: Passed | C5: Failed | D5: Pending | E5: N/A | R5: N/A
A6: Round 1 | B6: =COUNTIF($F10:$F996,B5) -> 2 | C6: =COUNTIF($F10:$F996,C5) -> 0 | D6: =COUNTIF($F10:$F996,D5) -> 3 | E6: =COUNTIF($F10:$F996,E5) -> 0
A7: Round 2 | B7: =COUNTIF($F10:$F996,B5) -> 2 | C7: =COUNTIF($F10:$F996,C5) -> 0 | D7: =COUNTIF($F10:$F996,D5) -> 3 | E7: =COUNTIF($F10:$F996,E5) -> 0
A8: Round 3 | B8: =COUNTIF($F10:$F996,B5) -> 2 | C8: =COUNTIF($F10:$F996,C5) -> 0 | D8: =COUNTIF($F10:$F996,D5) -> 3 | E8: =COUNTIF($F10:$F996,E5) -> 0
A10: Test Case ID | B10: Test Case Description | C10: Test Case Procedure | D10: Expected Results | E10: Pre-conditions | F10: Round 1 | G10: Test date | H10: Tester | I10: Round 2 | J10: Test date | K10: Tester | L10: Round 3 | M10: Test date | N10: Tester | O10: Note
A11: Scenario D
A12: <ID1> | B12: Load dashboard page staff | C12: 1. Login the system with Manager role. 2. Vào được màn hình chính Dashboard | E12: Thấy được giao diện trang dashboard Thực hiện được được các thao tác di chuyển đến các tab khác | F12: Passed | G12: 23/3 | H12: Hieu | I12: Passed | J12: 23/3 | K12: Hieu | L12: Passed | M12: 24/3 | N12: Hieu
A13: <ID2> | B13: Load dashboard page staff | C13: 1. Login the system with Resident role. 2. Vào được màn hình chính Dashboard | E13: Thấy được giao diên trang dashboard Thực hiện được được các thao tác di chuyển đến các tab khác | F13: Passed | G13: 23/3 | H13: Hieu | I13: Passed | J13: 23/3 | K13: Hieu | L13: Passed | M13: 24/3 | N13: Hieu
A14: <ID3> | B14: <Test case 3> | F14: Pending | I14: Pending | L14: Pending
A17: Scenario E
A18: <ID4> | B18: <Test case 4> | F18: Pending | I18: Pending | L18: Pending
A19: <ID5> | B19: <Test case 5> | F19: Pending | I19: Pending | L19: Pending

Sheet Workflow Invoice
A2: Workflow | B2: <Workflow Name2> | R2: Passed
A3: Test requirement | B3: <Brief description about requirements which are tested in this sheet> | R3: Failed
A4: Number of TCs | B4: =COUNTA(A12:A998) -> 6 | R4: Pending
A5: Testing Round | B5: Passed | C5: Failed | D5: Pending | E5: N/A | R5: N/A
A6: Round 1 | B6: =COUNTIF($F10:$F996,B5) -> 0 | C6: =COUNTIF($F10:$F996,C5) -> 0 | D6: =COUNTIF($F10:$F996,D5) -> 5 | E6: =COUNTIF($F10:$F996,E5) -> 0
A7: Round 2 | B7: =COUNTIF($F10:$F996,B5) -> 0 | C7: =COUNTIF($F10:$F996,C5) -> 0 | D7: =COUNTIF($F10:$F996,D5) -> 5 | E7: =COUNTIF($F10:$F996,E5) -> 0
A8: Round 3 | B8: =COUNTIF($F10:$F996,B5) -> 0 | C8: =COUNTIF($F10:$F996,C5) -> 0 | D8: =COUNTIF($F10:$F996,D5) -> 5 | E8: =COUNTIF($F10:$F996,E5) -> 0
A10: Test Case ID | B10: Test Case Description | C10: Test Case Procedure | D10: Expected Results | E10: Pre-conditions | F10: Round 1 | G10: Test date | H10: Tester | I10: Round 2 | J10: Test date | K10: Tester | L10: Round 3 | M10: Test date | N10: Tester | O10: Note
A11: Scenario D
A12: <ID1> | B12: <Brief description of this case: what is tested?> Ex: Test viewing "Company" form. | C12: <Describe steps to perform this case> Ex: 1. Login the system with Manager role. 2. Click "Company" tab in the left menu. | D12: <Describe results which meet customer's requirement> Ex: The "Company" view form is displayed with the folowing informations: - Company name - Company address - Phone - Fax | E12: <List all test cases or conditions that must be done before performing this case> | F12: Pending | I12: Pending | L12: Pending
A13: <ID2> | B13: <Test case 2> | F13: Pending | I13: Pending | L13: Pending
A14: <ID3> | B14: <Test case 3> | F14: Pending | I14: Pending | L14: Pending
A15: Scenario E
A16: <ID4> | B16: <Test case 4> | F16: Pending | I16: Pending | L16: Pending
A17: <ID5> | B17: <Test case 5> | F17: Pending | I17: Pending | L17: Pending

Sheet Workflow Request
A2: Workflow | B2: <Workflow Name2> | R2: Passed
A3: Test requirement | B3: <Brief description about requirements which are tested in this sheet> | R3: Failed
A4: Number of TCs | B4: =COUNTA(A12:A998) -> 6 | R4: Pending
A5: Testing Round | B5: Passed | C5: Failed | D5: Pending | E5: N/A | R5: N/A
A6: Round 1 | B6: =COUNTIF($F10:$F996,B5) -> 0 | C6: =COUNTIF($F10:$F996,C5) -> 0 | D6: =COUNTIF($F10:$F996,D5) -> 5 | E6: =COUNTIF($F10:$F996,E5) -> 0
A7: Round 2 | B7: =COUNTIF($F10:$F996,B5) -> 0 | C7: =COUNTIF($F10:$F996,C5) -> 0 | D7: =COUNTIF($F10:$F996,D5) -> 5 | E7: =COUNTIF($F10:$F996,E5) -> 0
A8: Round 3 | B8: =COUNTIF($F10:$F996,B5) -> 0 | C8: =COUNTIF($F10:$F996,C5) -> 0 | D8: =COUNTIF($F10:$F996,D5) -> 5 | E8: =COUNTIF($F10:$F996,E5) -> 0
A10: Test Case ID | B10: Test Case Description | C10: Test Case Procedure | D10: Expected Results | E10: Pre-conditions | F10: Round 1 | G10: Test date | H10: Tester | I10: Round 2 | J10: Test date | K10: Tester | L10: Round 3 | M10: Test date | N10: Tester | O10: Note
A11: Scenario D
A12: <ID1> | B12: <Brief description of this case: what is tested?> Ex: Test viewing "Company" form. | C12: <Describe steps to perform this case> Ex: 1. Login the system with Manager role. 2. Click "Company" tab in the left menu. | D12: <Describe results which meet customer's requirement> Ex: The "Company" view form is displayed with the folowing informations: - Company name - Company address - Phone - Fax | E12: <List all test cases or conditions that must be done before performing this case> | F12: Pending | I12: Pending | L12: Pending
A13: <ID2> | B13: <Test case 2> | F13: Pending | I13: Pending | L13: Pending
A14: <ID3> | B14: <Test case 3> | F14: Pending | I14: Pending | L14: Pending
A15: Scenario E
A16: <ID4> | B16: <Test case 4> | F16: Pending | I16: Pending | L16: Pending
A17: <ID5> | B17: <Test case 5> | F17: Pending | I17: Pending | L17: Pending
